{
  "FilterHeaders": [
    {
      "Header": "x-goog-update-updater",
      "IncludeInScript": false
    },
    {
      "Header": "x-goog-update-interactivity",
      "IncludeInScript": false
    },
    {
      "Header": "x-goog-update-appid",
      "IncludeInScript": false
    },
    {
      "Header": "x-goog-encode-response-if-executable",
      "IncludeInScript": false
    },
    {
      "Header": "x-goog-api-key",
      "IncludeInScript": false
    },
    {
      "Header": "user-agent",
      "IncludeInScript": false
    },
    {
      "Header": "sec-fetch-site",
      "IncludeInScript": false
    },
    {
      "Header": "sec-fetch-mode",
      "IncludeInScript": false
    },
    {
      "Header": "sec-fetch-dest",
      "IncludeInScript": false
    },
    {
      "Header": "sec-ch-ua-platform",
      "IncludeInScript": false
    },
    {
      "Header": "sec-ch-ua-mobile",
      "IncludeInScript": false
    },
    {
      "Header": "sec-ch-ua",
      "IncludeInScript": false
    },
    {
      "Header": "origin",
      "IncludeInScript": false
    },
    {
      "Header": "accept-language",
      "IncludeInScript": false
    },
    {
      "Header": "accept-encoding",
      "IncludeInScript": false
    },
    {
      "Header": "accept",
      "IncludeInScript": false
    }
  ],
  "FilterResources": [
    {
      "IsNonResource": false,
      "type": "text/plain"
    },
    {
      "IsNonResource": false,
      "type": "image/webp"
    },
    {
      "IsNonResource": false,
      "type": "image/svg+xml"
    },
    {
      "IsNonResource": false,
      "type": "image/jpeg"
    },
    {
      "IsNonResource": false,
      "type": "image/gif"
    },
    {
      "IsNonResource": false,
      "type": "font/woff2"
    },
    {
      "IsNonResource": true,
      "type": "application/json"
    }
  ],
  "GeneralInfo": {
    "BrowserVersion": "",
    "IsWinInetMode": false,
    "MaxUsedConnections": 15,
    "RecordedBrowser": "Chrome",
    "RecordingDate": "Feb-05-2024",
    "RecordingDuration": 62032,
    "RecordingMode": "N/A",
    "RecordingTimeStamp": 1707126685,
    "RecordingType": "Browser",
    "TotalBytesReceived": 53367,
    "TotalBytesSent": 22949,
    "TotalRequests": 19,
    "UserAgent": "Mozilla/5.0 (Windows NT 10.0; Win64; x64) AppleWebKit/537.36 (KHTML, like Gecko) Chrome/121.0.0.0 Safari/537.36"
  },
  "HostInfo": [
    {
      "DomainName": "gstatic.com",
      "Domains": [
        {
          "HTTPVersion": "HTTP/1.1",
          "IP": "142.250.183.227",
          "IncludeInScript": true,
          "Name": "fonts.gstatic.com",
          "Port": 443,
          "Requests": [
            {
              "CompressionType": "gzip",
              "DataType": "image/svg+xml",
              "DownloadTime": 47,
              "EventId": 2319,
              "HttpStatus": 200,
              "Size": 438,
              "URL": "https://fonts.gstatic.com/s/i/productlogos/googleg/v6/24px.svg"
            },
            {
              "CompressionType": "",
              "DataType": "font/woff2",
              "DownloadTime": 31,
              "EventId": 2289,
              "HttpStatus": 200,
              "Size": 21464,
              "URL": "https://fonts.gstatic.com/s/googlesans/v14/4UaGrENHsxJlGDuGo1OIlL3Owp4.woff2"
            }
          ],
          "SSLCipher": "TLS_AES_256_GCM_SHA384",
          "SSLVersion": "TLS1.3"
        },
        {
          "HTTPVersion": "HTTP/1.1",
          "IP": "142.250.183.238",
          "IncludeInScript": true,
          "Name": "encrypted-tbn1.gstatic.com",
          "Port": 443,
          "Requests": [
            {
              "CompressionType": "",
              "DataType": "image/webp",
              "DownloadTime": 16,
              "EventId": 2406,
              "HttpStatus": 200,
              "Size": 4098,
              "URL": "https://encrypted-tbn1.gstatic.com/shopping?q=tbn:ANd9GcTQuqp9DkyZffVdQON1Wlr_Orsh4-bQh0IvVmjoxAuatJTj0mYTKd1v6kagUjccfgFpxP_i8znUlus9g90Rh8fGW6imBROegxgC0u8r7EetzC1GJ58t1Z60-w"
            },
            {
              "CompressionType": "",
              "DataType": "image/webp",
              "DownloadTime": 47,
              "EventId": 2390,
              "HttpStatus": 200,
              "Size": 2788,
              "URL": "https://encrypted-tbn1.gstatic.com/shopping?q=tbn:ANd9GcQJiWcHLULrgbwiiDQGWqjSlQgntlITvr_G73b42Ed3ov8FW_qODHj0VKlWCi7X3axufFHKtrFvvTwQvQKYpj2QerIaWGqjlGtOTmUv_nITZTvJ3g0Tuced"
            },
            {
              "CompressionType": "",
              "DataType": "image/webp",
              "DownloadTime": 47,
              "EventId": 2385,
              "HttpStatus": 200,
              "Size": 4956,
              "URL": "https://encrypted-tbn1.gstatic.com/shopping?q=tbn:ANd9GcQh1Dyu6Y3GWSVBG1xwq4CLTkMoYbv2CYiA3qnDW03M3-BTwJSLUS54LrdMyeAbqvXKnBRJsVU19Y3tvt5LGb6EKVs4SV0O5iSrXLtP3pxvHbfxNlkeh_ij"
            },
            {
              "CompressionType": "",
              "DataType": "image/webp",
              "DownloadTime": 31,
              "EventId": 2378,
              "HttpStatus": 200,
              "Size": 2584,
              "URL": "https://encrypted-tbn1.gstatic.com/shopping?q=tbn:ANd9GcTwl4W2FR8mlvpHqzoxJ_Lpr4v1-AlDt8gbDGgfFx5CZMzv9okAzTtM1G86sYBlLirwzIm1ORGYSjNQWHOvRO6lik0hw9_FeQpUuMbi--BbbFFDKf3SadKK"
            },
            {
              "CompressionType": "",
              "DataType": "image/webp",
              "DownloadTime": 31,
              "EventId": 2376,
              "HttpStatus": 200,
              "Size": 3566,
              "URL": "https://encrypted-tbn1.gstatic.com/shopping?q=tbn:ANd9GcQ7xg6V0VpS7yqCscrggFJunl-7YW9VNR2lHHYY6WAwxUcaOYqiw8mTNeW67agVeVuPXcpqY5943ZmqGR5x1v3SqiNXBJlNwQDZImxTnQXsA53X2fJIZxU4"
            },
            {
              "CompressionType": "",
              "DataType": "image/webp",
              "DownloadTime": 31,
              "EventId": 2372,
              "HttpStatus": 200,
              "Size": 2012,
              "URL": "https://encrypted-tbn1.gstatic.com/shopping?q=tbn:ANd9GcRbHxxhbm-HxLmplVYNcfKABDO9jav7d5CCUDmn7p6vqwODCGdoMrHYlV2eeD3_R4yuRF-NMQzM9Ppz-QcsPrQOS-6Zfjnx2CCX7oo5yio7bmRKeIGcYqSH"
            },
            {
              "CompressionType": "",
              "DataType": "image/webp",
              "DownloadTime": 15,
              "EventId": 2369,
              "HttpStatus": 200,
              "Size": 1404,
              "URL": "https://encrypted-tbn1.gstatic.com/shopping?q=tbn:ANd9GcS3oWfbPM9toNWg9YmqiMgaCut2nq0kRkSEIX4RhIrZYSYuPlBumlM0VECdsEpcw_ug2mgsXAWuC--B_lLLJxoNj4_PcPljd3z5GhEml0n_a2xC-Wl4pHF2zA"
            }
          ],
          "SSLCipher": "TLS_AES_256_GCM_SHA384",
          "SSLVersion": "TLS1.3"
        },
        {
          "HTTPVersion": "HTTP/1.1",
          "IP": "172.217.163.174",
          "IncludeInScript": true,
          "Name": "encrypted-tbn0.gstatic.com",
          "Port": 443,
          "Requests": [
            {
              "CompressionType": "",
              "DataType": "image/jpeg",
              "DownloadTime": 31,
              "EventId": 2270,
              "HttpStatus": 200,
              "Size": 1553,
              "URL": "https://encrypted-tbn0.gstatic.com/images?q=tbn:ANd9GcSGt2uy-0cpoTvlUgpPnsy3iiXK0OTWVbtyqV2XCStWbQ4HahTjkpDSK1s&s=10"
            },
            {
              "CompressionType": "",
              "DataType": "image/jpeg",
              "DownloadTime": 31,
              "EventId": 2267,
              "HttpStatus": 200,
              "Size": 1336,
              "URL": "https://encrypted-tbn0.gstatic.com/images?q=tbn:ANd9GcSS3sQ7z4UvSah893hw_qovYUDImwlCpn5ehmZwU4vBpVySyqdjctOWozQ&s=10"
            },
            {
              "CompressionType": "",
              "DataType": "image/gif",
              "DownloadTime": 78,
              "EventId": 2265,
              "HttpStatus": 404,
              "Size": 43,
              "URL": "https://encrypted-tbn0.gstatic.com/images?q=tbn:ANd9GcRAysDrLZ15d9T75pnogJrcxHODbB_TPPkH15SHt10&s=10"
            },
            {
              "CompressionType": "",
              "DataType": "image/jpeg",
              "DownloadTime": 31,
              "EventId": 2259,
              "HttpStatus": 200,
              "Size": 1938,
              "URL": "https://encrypted-tbn0.gstatic.com/images?q=tbn:ANd9GcRyIeODILaG9L47_lOSH8K-MWzOQSvQreULDMdQSPAtFay-wujGd2oQ8Q0&s=10"
            },
            {
              "CompressionType": "",
              "DataType": "image/jpeg",
              "DownloadTime": 47,
              "EventId": 2253,
              "HttpStatus": 200,
              "Size": 3080,
              "URL": "https://encrypted-tbn0.gstatic.com/images?q=tbn:ANd9GcT5bCs10a0XxK1ikEHN655AT_iHkXWJhAsmMUB_IEk&s=10"
            },
            {
              "CompressionType": "",
              "DataType": "image/jpeg",
              "DownloadTime": 31,
              "EventId": 2249,
              "HttpStatus": 200,
              "Size": 1007,
              "URL": "https://encrypted-tbn0.gstatic.com/images?q=tbn:ANd9GcT375qtPUYZr0WqxFfh87bLvb-B0jFIiul_rGBFJyMb2eP8yx_JZy5Z_6c&s=10"
            }
          ],
          "SSLCipher": "TLS_AES_256_GCM_SHA384",
          "SSLVersion": "TLS1.3"
        }
      ],
      "IncludeInScript": true
    },
    {
      "DomainName": "googleapis.com",
      "Domains": [
        {
          "HTTPVersion": "HTTP/1.1",
          "IP": "142.250.76.35",
          "IncludeInScript": true,
          "Name": "update.googleapis.com",
          "Port": 443,
          "Requests": [
            {
              "CompressionType": "gzip",
              "DataType": "application/json",
              "DownloadTime": 282,
              "EventId": 2434,
              "HttpStatus": 200,
              "Size": 871,
              "URL": "https://update.googleapis.com/service/update2/json?cup2key=13:zRfRukOj26CzQYgh3X2-Uig7aW16ddxWKffSo9RoWBg&cup2hreq=1f9fc521f0c2d1efcb4d3d0836efdf0d41c66b81f17df760a69bd33a1eef9ed0"
            }
          ],
          "SSLCipher": "TLS_AES_256_GCM_SHA384",
          "SSLVersion": "TLS1.3"
        },
        {
          "HTTPVersion": "HTTP/1.1",
          "IP": "142.250.182.74",
          "IncludeInScript": true,
          "Name": "content-autofill.googleapis.com",
          "Port": 443,
          "Requests": [
            {
              "CompressionType": "gzip",
              "DataType": "text/plain",
              "DownloadTime": 187,
              "EventId": 2226,
              "HttpStatus": 200,
              "Size": 36,
              "URL": "https://content-autofill.googleapis.com/v1/pages/ChVDaHJvbWUvMTIxLjAuNjE2Ny4xNDASGQn11VQ7sgCk8RIFDWlIR0chrbMLunyG1js=?alt=proto"
            }
          ],
          "SSLCipher": "TLS_AES_256_GCM_SHA384",
          "SSLVersion": "TLS1.3"
        }
      ],
      "IncludeInScript": false
    },
    {
      "DomainName": "google.com",
      "Domains": [
        {
          "HTTPVersion": "HTTP/1.1",
          "IP": "142.250.182.35",
          "IncludeInScript": true,
          "Name": "id.google.com",
          "Port": 443,
          "Requests": [
            {
              "CompressionType": "",
              "DataType": "text/plain",
              "DownloadTime": 94,
              "EventId": 2317,
              "HttpStatus": 204,
              "Size": 0,
              "URL": "https://id.google.com/verify/ANsg4T6baq-660iUKgs-9RnatKkdV77cVRMEPFRpY4-gWPn0iTD4BoLG3odym-0jQ55hGWDkcbSWwYrfI-96leb3YSkeSO9GtarrQT3Z9Mez0CZWQVHu"
            }
          ],
          "SSLCipher": "TLS_AES_256_GCM_SHA384",
          "SSLVersion": "TLS1.3"
        },
        {
          "HTTPVersion": "HTTP/1.1",
          "IP": "74.125.200.84",
          "IncludeInScript": true,
          "Name": "accounts.google.com",
          "Port": 443,
          "Requests": [
            {
              "CompressionType": "gzip",
              "DataType": "application/json",
              "DownloadTime": 172,
              "EventId": 2213,
              "HttpStatus": 200,
              "Size": 193,
              "URL": "https://accounts.google.com/ListAccounts?gpsia=1&source=ChromiumBrowser&json=standard"
            }
          ],
          "SSLCipher": "TLS_AES_256_GCM_SHA384",
          "SSLVersion": "TLS1.3"
        }
      ],
      "IncludeInScript": true
    }
  ],
  "WebSocket": {
    "IncludeInScript": false,
    "IsScriptIncludeWebSocket": false
  },
  "NumberOfCorrelations": 0
}